scenario,passive_features,feature,vfl_accuracy,am_accuracy,confidence_mse,logit_mse,half_star_mse,half_star_real_c_mse,attack_gap,attack_gap_percent,weight,abs_weight,feature_mse,feature_variance,feature_std,feature_nrmse
1,"age, job, marital, education, default",age,0.9008,0.8991,0.0003,0.0368,0.1312,0.1214,0.0098,8.0513,0.2989,0.2989,0.0424,0.0166,0.1287,1.6011
1,"age, job, marital, education, default",job,0.9008,0.8991,0.0003,0.0368,0.1312,0.1214,0.0098,8.0513,0.4047,0.4047,0.0978,0.0388,0.1969,1.5889
1,"age, job, marital, education, default",marital,0.9008,0.8991,0.0003,0.0368,0.1312,0.1214,0.0098,8.0513,0.1608,0.1608,0.1834,0.1269,0.3563,1.2020
1,"age, job, marital, education, default",education,0.9008,0.8991,0.0003,0.0368,0.1312,0.1214,0.0098,8.0513,0.4431,0.4431,0.0540,0.0226,0.1504,1.5458
1,"age, job, marital, education, default",default,0.9008,0.8991,0.0003,0.0368,0.1312,0.1214,0.0098,8.0513,0.5272,0.5272,0.2783,0.0595,0.2439,2.1628
2,"job, marital, education, default, housing",job,0.9008,0.8989,0.0003,0.0368,0.1647,0.1536,0.0111,7.2163,0.4047,0.4047,0.1130,0.0388,0.1969,1.7075
2,"job, marital, education, default, housing",marital,0.9008,0.8989,0.0003,0.0368,0.1647,0.1536,0.0111,7.2163,0.1608,0.1608,0.1865,0.1269,0.3563,1.2120
2,"job, marital, education, default, housing",education,0.9008,0.8989,0.0003,0.0368,0.1647,0.1536,0.0111,7.2163,0.4431,0.4431,0.0660,0.0226,0.1504,1.7091
2,"job, marital, education, default, housing",default,0.9008,0.8989,0.0003,0.0368,0.1647,0.1536,0.0111,7.2163,0.5272,0.5272,0.2440,0.0595,0.2439,2.0252
2,"job, marital, education, default, housing",housing,0.9008,0.8989,0.0003,0.0368,0.1647,0.1536,0.0111,7.2163,-0.0124,0.0124,0.2137,0.2096,0.4578,1.0098
3,"marital, education, default, housing, loan",marital,0.9008,0.8998,0.0002,0.0250,0.1826,0.1726,0.0100,5.7941,0.1608,0.1608,0.1999,0.1269,0.3563,1.2549
3,"marital, education, default, housing, loan",education,0.9008,0.8998,0.0002,0.0250,0.1826,0.1726,0.0100,5.7941,0.4431,0.4431,0.1092,0.0226,0.1504,2.1974
3,"marital, education, default, housing, loan",default,0.9008,0.8998,0.0002,0.0250,0.1826,0.1726,0.0100,5.7941,0.5272,0.5272,0.1653,0.0595,0.2439,1.6669
3,"marital, education, default, housing, loan",housing,0.9008,0.8998,0.0002,0.0250,0.1826,0.1726,0.0100,5.7941,-0.0124,0.0124,0.2141,0.2096,0.4578,1.0106
3,"marital, education, default, housing, loan",loan,0.9008,0.8998,0.0002,0.0250,0.1826,0.1726,0.0100,5.7941,-0.0261,0.0261,0.2244,0.0938,0.3062,1.5471
4,"education, default, housing, loan, contact",education,0.9008,0.8997,0.0011,0.1408,0.1739,0.1526,0.0213,13.9488,0.4431,0.4431,0.1430,0.0226,0.1504,2.5150
4,"education, default, housing, loan, contact",default,0.9008,0.8997,0.0011,0.1408,0.1739,0.1526,0.0213,13.9488,0.5272,0.5272,0.1402,0.0595,0.2439,1.5351
4,"education, default, housing, loan, contact",housing,0.9008,0.8997,0.0011,0.1408,0.1739,0.1526,0.0213,13.9488,-0.0124,0.0124,0.2144,0.2096,0.4578,1.0114
4,"education, default, housing, loan, contact",loan,0.9008,0.8997,0.0011,0.1408,0.1739,0.1526,0.0213,13.9488,-0.0261,0.0261,0.2263,0.0938,0.3062,1.5536
4,"education, default, housing, loan, contact",contact,0.9008,0.8997,0.0011,0.1408,0.1739,0.1526,0.0213,13.9488,0.9207,0.9207,0.1457,0.2318,0.4815,0.7928
5,"default, housing, loan, contact, month",default,0.9008,0.8995,0.0015,0.1799,0.2030,0.1862,0.0167,8.9783,0.5272,0.5272,0.2056,0.0595,0.2439,1.8589
5,"default, housing, loan, contact, month",housing,0.9008,0.8995,0.0015,0.1799,0.2030,0.1862,0.0167,8.9783,-0.0124,0.0124,0.2140,0.2096,0.4578,1.0105
5,"default, housing, loan, contact, month",loan,0.9008,0.8995,0.0015,0.1799,0.2030,0.1862,0.0167,8.9783,-0.0261,0.0261,0.2226,0.0938,0.3062,1.5407
5,"default, housing, loan, contact, month",contact,0.9008,0.8995,0.0015,0.1799,0.2030,0.1862,0.0167,8.9783,0.9207,0.9207,0.1907,0.2318,0.4815,0.9070
5,"default, housing, loan, contact, month",month,0.9008,0.8995,0.0015,0.1799,0.2030,0.1862,0.0167,8.9783,1.0124,1.0124,0.1818,0.0387,0.1967,2.1683
6,"housing, loan, contact, month, day_of_week",housing,0.9008,0.8994,0.0015,0.1641,0.1868,0.1698,0.0171,10.0444,-0.0124,0.0124,0.2139,0.2096,0.4578,1.0101
6,"housing, loan, contact, month, day_of_week",loan,0.9008,0.8994,0.0015,0.1641,0.1868,0.1698,0.0171,10.0444,-0.0261,0.0261,0.2208,0.0938,0.3062,1.5345
6,"housing, loan, contact, month, day_of_week",contact,0.9008,0.8994,0.0015,0.1641,0.1868,0.1698,0.0171,10.0444,0.9207,0.9207,0.2242,0.2318,0.4815,0.9834
6,"housing, loan, contact, month, day_of_week",month,0.9008,0.8994,0.0015,0.1641,0.1868,0.1698,0.0171,10.0444,1.0124,1.0124,0.1208,0.0387,0.1967,1.7670
6,"housing, loan, contact, month, day_of_week",day_of_week,0.9008,0.8994,0.0015,0.1641,0.1868,0.1698,0.0171,10.0444,0.2264,0.2264,0.1546,0.1347,0.3670,1.0712
7,"loan, contact, month, day_of_week, campaign",loan,0.9008,0.8995,0.0016,0.1782,0.1845,0.1797,0.0048,2.6710,-0.0261,0.0261,0.2253,0.0938,0.3062,1.5499
7,"loan, contact, month, day_of_week, campaign",contact,0.9008,0.8995,0.0016,0.1782,0.1845,0.1797,0.0048,2.6710,0.9207,0.9207,0.2072,0.2318,0.4815,0.9454
7,"loan, contact, month, day_of_week, campaign",month,0.9008,0.8995,0.0016,0.1782,0.1845,0.1797,0.0048,2.6710,1.0124,1.0124,0.2969,0.0387,0.1967,2.7706
7,"loan, contact, month, day_of_week, campaign",day_of_week,0.9008,0.8995,0.0016,0.1782,0.1845,0.1797,0.0048,2.6710,0.2264,0.2264,0.1413,0.1347,0.3670,1.0244
7,"loan, contact, month, day_of_week, campaign",campaign,0.9008,0.8995,0.0016,0.1782,0.1845,0.1797,0.0048,2.6710,-2.3454,2.3454,0.0517,0.0025,0.0504,4.5139
8,"contact, month, day_of_week, campaign, pdays",contact,0.9008,0.8982,0.0017,0.1867,0.2067,0.2027,0.0040,1.9685,0.9207,0.9207,0.2218,0.2318,0.4815,0.9781
8,"contact, month, day_of_week, campaign, pdays",month,0.9008,0.8982,0.0017,0.1867,0.2067,0.2027,0.0040,1.9685,1.0124,1.0124,0.2092,0.0387,0.1967,2.3257
8,"contact, month, day_of_week, campaign, pdays",day_of_week,0.9008,0.8982,0.0017,0.1867,0.2067,0.2027,0.0040,1.9685,0.2264,0.2264,0.1451,0.1347,0.3670,1.0378
8,"contact, month, day_of_week, campaign, pdays",campaign,0.9008,0.8982,0.0017,0.1867,0.2067,0.2027,0.0040,1.9685,-2.3454,2.3454,0.1833,0.0025,0.0504,8.5013
8,"contact, month, day_of_week, campaign, pdays",pdays,0.9008,0.8982,0.0017,0.1867,0.2067,0.2027,0.0040,1.9685,-1.3897,1.3897,0.2740,0.0350,0.1871,2.7980
9,"month, day_of_week, campaign, pdays, previous",month,0.9008,0.8967,0.0013,0.0792,0.1900,0.1888,0.0012,0.6543,1.0124,1.0124,0.2656,0.0387,0.1967,2.6207
9,"month, day_of_week, campaign, pdays, previous",day_of_week,0.9008,0.8967,0.0013,0.0792,0.1900,0.1888,0.0012,0.6543,0.2264,0.2264,0.1424,0.1347,0.3670,1.0281
9,"month, day_of_week, campaign, pdays, previous",campaign,0.9008,0.8967,0.0013,0.0792,0.1900,0.1888,0.0012,0.6543,-2.3454,2.3454,0.0765,0.0025,0.0504,5.4923
9,"month, day_of_week, campaign, pdays, previous",pdays,0.9008,0.8967,0.0013,0.0792,0.1900,0.1888,0.0012,0.6543,-1.3897,1.3897,0.3684,0.0350,0.1871,3.2442
9,"month, day_of_week, campaign, pdays, previous",previous,0.9008,0.8967,0.0013,0.0792,0.1900,0.1888,0.0012,0.6543,-2.0783,2.0783,0.0971,0.0050,0.0707,4.4081
10,"day_of_week, campaign, pdays, previous, poutcome",day_of_week,0.9008,0.8876,0.0030,0.0879,0.1908,0.1893,0.0015,0.7753,0.2264,0.2264,0.1416,0.1347,0.3670,1.0253
10,"day_of_week, campaign, pdays, previous, poutcome",campaign,0.9008,0.8876,0.0030,0.0879,0.1908,0.1893,0.0015,0.7753,-2.3454,2.3454,0.0501,0.0025,0.0504,4.4431
10,"day_of_week, campaign, pdays, previous, poutcome",pdays,0.9008,0.8876,0.0030,0.0879,0.1908,0.1893,0.0015,0.7753,-1.3897,1.3897,0.4103,0.0350,0.1871,3.4235
10,"day_of_week, campaign, pdays, previous, poutcome",previous,0.9008,0.8876,0.0030,0.0879,0.1908,0.1893,0.0015,0.7753,-2.0783,2.0783,0.0687,0.0050,0.0707,3.7064
10,"day_of_week, campaign, pdays, previous, poutcome",poutcome,0.9008,0.8876,0.0030,0.0879,0.1908,0.1893,0.0015,0.7753,0.4149,0.4149,0.2833,0.0324,0.1800,2.9561
11,"campaign, pdays, previous, poutcome, emp.var.rate",campaign,0.9008,0.8876,0.0037,0.1286,0.2069,0.2059,0.0010,0.4986,-2.3454,2.3454,0.1965,0.0025,0.0504,8.8013
11,"campaign, pdays, previous, poutcome, emp.var.rate",pdays,0.9008,0.8876,0.0037,0.1286,0.2069,0.2059,0.0010,0.4986,-1.3897,1.3897,0.2726,0.0350,0.1871,2.7908
11,"campaign, pdays, previous, poutcome, emp.var.rate",previous,0.9008,0.8876,0.0037,0.1286,0.2069,0.2059,0.0010,0.4986,-2.0783,2.0783,0.2108,0.0050,0.0707,6.4947
11,"campaign, pdays, previous, poutcome, emp.var.rate",poutcome,0.9008,0.8876,0.0037,0.1286,0.2069,0.2059,0.0010,0.4986,0.4149,0.4149,0.2461,0.0324,0.1800,2.7552
11,"campaign, pdays, previous, poutcome, emp.var.rate",emp.var.rate,0.9008,0.8876,0.0037,0.1286,0.2069,0.2059,0.0010,0.4986,-3.6245,3.6245,0.1084,0.1071,0.3273,1.0060
12,"pdays, previous, poutcome, emp.var.rate, cons.price.idx",pdays,0.9008,0.8857,0.0038,0.1853,0.1810,0.1799,0.0011,0.5918,-1.3897,1.3897,0.2287,0.0350,0.1871,2.5563
12,"pdays, previous, poutcome, emp.var.rate, cons.price.idx",previous,0.9008,0.8857,0.0038,0.1853,0.1810,0.1799,0.0011,0.5918,-2.0783,2.0783,0.2646,0.0050,0.0707,7.2760
12,"pdays, previous, poutcome, emp.var.rate, cons.price.idx",poutcome,0.9008,0.8857,0.0038,0.1853,0.1810,0.1799,0.0011,0.5918,0.4149,0.4149,0.2343,0.0324,0.1800,2.6883
12,"pdays, previous, poutcome, emp.var.rate, cons.price.idx",emp.var.rate,0.9008,0.8857,0.0038,0.1853,0.1810,0.1799,0.0011,0.5918,-3.6245,3.6245,0.1026,0.1071,0.3273,0.9786
12,"pdays, previous, poutcome, emp.var.rate, cons.price.idx",cons.price.idx,0.9008,0.8857,0.0038,0.1853,0.1810,0.1799,0.0011,0.5918,3.9045,3.9045,0.0748,0.0509,0.2256,1.2122
13,"previous, poutcome, emp.var.rate, cons.price.idx, cons.conf.idx",previous,0.9008,0.8985,0.0013,0.1000,0.1417,0.1412,0.0006,0.4106,-2.0783,2.0783,0.2313,0.0050,0.0707,6.8019
13,"previous, poutcome, emp.var.rate, cons.price.idx, cons.conf.idx",poutcome,0.9008,0.8985,0.0013,0.1000,0.1417,0.1412,0.0006,0.4106,0.4149,0.4149,0.2403,0.0324,0.1800,2.7230
13,"previous, poutcome, emp.var.rate, cons.price.idx, cons.conf.idx",emp.var.rate,0.9008,0.8985,0.0013,0.1000,0.1417,0.1412,0.0006,0.4106,-3.6245,3.6245,0.1334,0.1071,0.3273,1.1158
13,"previous, poutcome, emp.var.rate, cons.price.idx, cons.conf.idx",cons.price.idx,0.9008,0.8985,0.0013,0.1000,0.1417,0.1412,0.0006,0.4106,3.9045,3.9045,0.0616,0.0509,0.2256,1.0998
13,"previous, poutcome, emp.var.rate, cons.price.idx, cons.conf.idx",cons.conf.idx,0.9008,0.8985,0.0013,0.1000,0.1417,0.1412,0.0006,0.4106,1.2835,1.2835,0.0422,0.0375,0.1936,1.0608
14,"poutcome, emp.var.rate, cons.price.idx, cons.conf.idx, euribor3m",poutcome,0.9008,0.8994,0.0010,0.0915,0.1188,0.1183,0.0006,0.4893,0.4149,0.4149,0.2252,0.0324,0.1800,2.6355
14,"poutcome, emp.var.rate, cons.price.idx, cons.conf.idx, euribor3m",emp.var.rate,0.9008,0.8994,0.0010,0.0915,0.1188,0.1183,0.0006,0.4893,-3.6245,3.6245,0.0595,0.1071,0.3273,0.7453
14,"poutcome, emp.var.rate, cons.price.idx, cons.conf.idx, euribor3m",cons.price.idx,0.9008,0.8994,0.0010,0.0915,0.1188,0.1183,0.0006,0.4893,3.9045,3.9045,0.1253,0.0509,0.2256,1.5692
14,"poutcome, emp.var.rate, cons.price.idx, cons.conf.idx, euribor3m",cons.conf.idx,0.9008,0.8994,0.0010,0.0915,0.1188,0.1183,0.0006,0.4893,1.2835,1.2835,0.0410,0.0375,0.1936,1.0454
14,"poutcome, emp.var.rate, cons.price.idx, cons.conf.idx, euribor3m",euribor3m,0.9008,0.8994,0.0010,0.0915,0.1188,0.1183,0.0006,0.4893,-1.1976,1.1976,0.1433,0.1546,0.3932,0.9627
15,"emp.var.rate, cons.price.idx, cons.conf.idx, euribor3m, nr.employed",emp.var.rate,0.9008,0.8983,0.0045,0.2918,0.1138,0.1121,0.0017,1.4853,-3.6245,3.6245,0.1318,0.1071,0.3273,1.1094
15,"emp.var.rate, cons.price.idx, cons.conf.idx, euribor3m, nr.employed",cons.price.idx,0.9008,0.8983,0.0045,0.2918,0.1138,0.1121,0.0017,1.4853,3.9045,3.9045,0.0588,0.0509,0.2256,1.0750
15,"emp.var.rate, cons.price.idx, cons.conf.idx, euribor3m, nr.employed",cons.conf.idx,0.9008,0.8983,0.0045,0.2918,0.1138,0.1121,0.0017,1.4853,1.2835,1.2835,0.0402,0.0375,0.1936,1.0358
15,"emp.var.rate, cons.price.idx, cons.conf.idx, euribor3m, nr.employed",euribor3m,0.9008,0.8983,0.0045,0.2918,0.1138,0.1121,0.0017,1.4853,-1.1976,1.1976,0.1763,0.1546,0.3932,1.0680
15,"emp.var.rate, cons.price.idx, cons.conf.idx, euribor3m, nr.employed",nr.employed,0.9008,0.8983,0.0045,0.2918,0.1138,0.1121,0.0017,1.4853,1.8924,1.8924,0.1617,0.0746,0.2732,1.4723
16,"cons.price.idx, cons.conf.idx, euribor3m, nr.employed, age",cons.price.idx,0.9008,0.8976,0.0025,0.1301,0.0907,0.0896,0.0012,1.3203,3.9045,3.9045,0.0173,0.0509,0.2256,0.5836
16,"cons.price.idx, cons.conf.idx, euribor3m, nr.employed, age",cons.conf.idx,0.9008,0.8976,0.0025,0.1301,0.0907,0.0896,0.0012,1.3203,1.2835,1.2835,0.0420,0.0375,0.1936,1.0586
16,"cons.price.idx, cons.conf.idx, euribor3m, nr.employed, age",euribor3m,0.9008,0.8976,0.0025,0.1301,0.0907,0.0896,0.0012,1.3203,-1.1976,1.1976,0.2216,0.1546,0.3932,1.1972
16,"cons.price.idx, cons.conf.idx, euribor3m, nr.employed, age",nr.employed,0.9008,0.8976,0.0025,0.1301,0.0907,0.0896,0.0012,1.3203,1.8924,1.8924,0.1080,0.0746,0.2732,1.2029
16,"cons.price.idx, cons.conf.idx, euribor3m, nr.employed, age",age,0.9008,0.8976,0.0025,0.1301,0.0907,0.0896,0.0012,1.3203,0.2989,0.2989,0.0648,0.0166,0.1287,1.9790
17,"cons.conf.idx, euribor3m, nr.employed, age, job",cons.conf.idx,0.9008,0.8997,0.0008,0.0401,0.1149,0.1137,0.0012,1.0199,1.2835,1.2835,0.0400,0.0375,0.1936,1.0326
17,"cons.conf.idx, euribor3m, nr.employed, age, job",euribor3m,0.9008,0.8997,0.0008,0.0401,0.1149,0.1137,0.0012,1.0199,-1.1976,1.1976,0.1893,0.1546,0.3932,1.1066
17,"cons.conf.idx, euribor3m, nr.employed, age, job",nr.employed,0.9008,0.8997,0.0008,0.0401,0.1149,0.1137,0.0012,1.0199,1.8924,1.8924,0.1388,0.0746,0.2732,1.3639
17,"cons.conf.idx, euribor3m, nr.employed, age, job",age,0.9008,0.8997,0.0008,0.0401,0.1149,0.1137,0.0012,1.0199,0.2989,0.2989,0.0632,0.0166,0.1287,1.9541
17,"cons.conf.idx, euribor3m, nr.employed, age, job",job,0.9008,0.8997,0.0008,0.0401,0.1149,0.1137,0.0012,1.0199,0.4047,0.4047,0.1432,0.0388,0.1969,1.9219
18,"euribor3m, nr.employed, age, job, marital",euribor3m,0.9008,0.8980,0.0003,0.0202,0.1461,0.1453,0.0008,0.5256,-1.1976,1.1976,0.1911,0.1546,0.3932,1.1117
18,"euribor3m, nr.employed, age, job, marital",nr.employed,0.9008,0.8980,0.0003,0.0202,0.1461,0.1453,0.0008,0.5256,1.8924,1.8924,0.1274,0.0746,0.2732,1.3069
18,"euribor3m, nr.employed, age, job, marital",age,0.9008,0.8980,0.0003,0.0202,0.1461,0.1453,0.0008,0.5256,0.2989,0.2989,0.0651,0.0166,0.1287,1.9833
18,"euribor3m, nr.employed, age, job, marital",job,0.9008,0.8980,0.0003,0.0202,0.1461,0.1453,0.0008,0.5256,0.4047,0.4047,0.1467,0.0388,0.1969,1.9456
18,"euribor3m, nr.employed, age, job, marital",marital,0.9008,0.8980,0.0003,0.0202,0.1461,0.1453,0.0008,0.5256,0.1608,0.1608,0.2001,0.1269,0.3563,1.2556
19,"nr.employed, age, job, marital, education",nr.employed,0.9008,0.8973,0.0003,0.0273,0.1155,0.1141,0.0013,1.1797,1.8924,1.8924,0.0399,0.0746,0.2732,0.7309
19,"nr.employed, age, job, marital, education",age,0.9008,0.8973,0.0003,0.0273,0.1155,0.1141,0.0013,1.1797,0.2989,0.2989,0.0698,0.0166,0.1287,2.0535
19,"nr.employed, age, job, marital, education",job,0.9008,0.8973,0.0003,0.0273,0.1155,0.1141,0.0013,1.1797,0.4047,0.4047,0.1600,0.0388,0.1969,2.0320
19,"nr.employed, age, job, marital, education",marital,0.9008,0.8973,0.0003,0.0273,0.1155,0.1141,0.0013,1.1797,0.1608,0.1608,0.2046,0.1269,0.3563,1.2694
19,"nr.employed, age, job, marital, education",education,0.9008,0.8973,0.0003,0.0273,0.1155,0.1141,0.0013,1.1797,0.4431,0.4431,0.1030,0.0226,0.1504,2.1347
